{"cameraMode":{"drawMode":0,"name":"Shaded","section":"Shading Mode"},"sceneLighting":true,"audioPlay":false,"sceneViewState":{"m_AlwaysRefresh":false,"showFog":true,"showSkybox":true,"showFlares":true,"showImageEffects":true,"showParticleSystems":true,"showVisualEffectGraphs":true,"m_FxEnabled":true},"in2DMode":false,"pivot":{"x":473.8622741699219,"y":208.055419921875,"z":138.07144165039063},"rotation":{"x":0.027991900220513345,"y":0.11698347330093384,"z":0.0033034877851605417,"w":-0.9927402138710022},"size":306.77447509765627,"orthographic":false}